{
  "name": "7-zip",
  "version": "1.0.2",
  "description": "Installs/Configures the 7-zip file archiver",
  "long_description": "7-zip Cookbook\n==============\n[7-Zip](http://www.7-zip.org/) is a file archiver with a high compression ratio. This cookbook installs the full 7-zip suite of tools (GUI and CLI).\n\n\nRequirements\n------------\n### Platform\n- Windows XP\n- Windows Vista\n- Windows Server 2003 R2\n- Windows 7\n- Windows Server 2008 (R1, R2)\n- Windows 8\n- Windows Server 2012\n\n### Cookbooks\n- windows\n\n\nAttributes\n----------\n- `node['7-zip']['home']` - location to install 7-zip files to.  default is `%SYSTEMDRIVE%\\7-zip`\n\n\nUsage\n-----\n### default\nDownloads and installs 7-zip to the location specified by `node['7-zip']['home']`.  Also ensures `node['7-zip']['home']` is in the system path.\n\n\nLicense & Authors\n-----------------\n- Author:: Seth Chisamore (<schisamo@opscode.com>)\n\n```text\nCopyright:: 2011, Opscode, Inc.\n\nLicensed under the Apache License, Version 2.0 (the \"License\");\nyou may not use this file except in compliance with the License.\nYou may obtain a copy of the License at\n\n    http://www.apache.org/licenses/LICENSE-2.0\n\nUnless required by applicable law or agreed to in writing, software\ndistributed under the License is distributed on an \"AS IS\" BASIS,\nWITHOUT WARRANTIES OR CONDITIONS OF ANY KIND, either express or implied.\nSee the License for the specific language governing permissions and\nlimitations under the License.\n```\n",
  "maintainer": "Opscode, Inc.",
  "maintainer_email": "cookbooks@opscode.com",
  "license": "Apache 2.0",
  "platforms": {
    "windows": ">= 0.0.0"
  },
  "dependencies": {
    "windows": ">= 1.2.2"
  },
  "recommendations": {
  },
  "suggestions": {
  },
  "conflicting": {
  },
  "providing": {
  },
  "replacing": {
  },
  "attributes": {
  },
  "groupings": {
  },
  "recipes": {
  }
}